APY,APY_BASE,APY_REWARD,TVL,DATE
2.05082,2.05082,,185993424,2022-02-11T00:00:00.000Z
2.01914,2.01914,,203634401,2022-02-12T00:00:00.000Z
1.99941,1.99941,,206292721,2022-02-13T00:00:00.000Z
1.98619,1.98619,,207815361,2022-02-14T00:00:00.000Z
1.94523,1.94523,,209291377,2022-02-15T00:00:00.000Z
2.05328,2.05328,,178253009,2022-02-16T00:00:00.000Z
1.95418,1.95418,,190698804,2022-02-17T00:00:00.000Z
1.81329,1.81329,,233561457,2022-02-18T00:00:00.000Z
1.8179,1.8179,,240764643,2022-02-19T00:00:00.000Z
1.85435,1.85435,,236928350,2022-02-20T00:00:00.000Z
1.9344,1.9344,,230882955,2022-02-21T00:00:00.000Z
1.95308,1.95308,,234977595,2022-02-22T00:00:00.000Z
1.92033,1.92033,,229162502,2022-02-23T00:00:00.000Z
1.96204,1.96204,,229976861,2022-02-24T00:00:00.000Z
1.84975,1.84975,,248040074,2022-02-25T00:00:00.000Z
1.84337,1.84337,,234244545,2022-02-26T00:00:00.000Z
1.86022,1.86022,,229415363,2022-02-27T00:00:00.000Z
1.83048,1.83048,,249735949,2022-02-28T00:00:00.000Z
2.41451,2.41451,,154096871,2022-03-01T00:00:00.000Z
2.41416,2.41416,,151091163,2022-03-02T00:00:00.000Z
2.34808,2.34808,,162102700,2022-03-03T00:00:00.000Z
3.09529,3.09529,,89767504,2022-03-04T00:00:00.000Z
3.01538,3.01538,,107850936,2022-03-05T00:00:00.000Z
3.00613,3.00613,,106730701,2022-03-06T00:00:00.000Z
2.99205,2.99205,,111528313,2022-03-07T00:00:00.000Z
2.95013,2.95013,,119287166,2022-03-08T00:00:00.000Z
2.86353,2.86353,,124193782,2022-03-09T00:00:00.000Z
2.82106,2.82106,,122495975,2022-03-10T00:00:00.000Z
2.69094,2.69094,,145740821,2022-03-11T00:00:00.000Z
2.65251,2.65251,,154645912,2022-03-12T00:00:00.000Z
2.6399,2.6399,,154453617,2022-03-13T00:00:00.000Z
2.60646,2.60646,,163485837,2022-03-14T00:00:00.000Z
2.58568,2.58568,,160412711,2022-03-15T00:00:00.000Z
2.71743,2.71743,,138755469,2022-03-16T00:00:00.000Z
2.7151,2.7151,,133468531,2022-03-17T00:00:00.000Z
2.70606,2.70606,,133096722,2022-03-18T00:00:00.000Z
2.8229,2.8229,,114038845,2022-03-19T00:00:00.000Z
3.12217,3.12217,,81481884,2022-03-20T00:00:00.000Z
3.09753,3.09753,,85826139,2022-03-21T00:00:00.000Z
3.28567,3.28567,,67242814,2022-03-22T00:00:00.000Z
3.2512,3.2512,,69006401,2022-03-23T00:00:00.000Z
3.27215,3.27215,,66305155,2022-03-24T00:00:00.000Z
3.16452,3.16452,,73010973,2022-03-25T00:00:00.000Z
5.43903,5.43903,,57460717,2022-03-26T00:00:00.000Z
3.23972,3.23972,,65711168,2022-03-27T00:00:00.000Z
3.25263,3.25263,,62113556,2022-03-28T00:00:00.000Z
7.37425,7.37425,,51749381,2022-03-29T00:00:00.000Z
3.2684,3.2684,,57992679,2022-03-30T00:00:00.000Z
4.46645,4.46645,,54620913,2022-03-31T00:00:00.000Z
3.24464,3.24464,,62126120,2022-04-01T00:00:00.000Z
3.16735,3.16735,,65286582,2022-04-02T00:00:00.000Z
3.23433,3.23433,,59562169,2022-04-03T00:00:00.000Z
3.24613,3.24613,,57876493,2022-04-04T00:00:00.000Z
4.30283,4.30283,,52832947,2022-04-05T00:00:00.000Z
3.09147,3.09147,,75544765,2022-04-06T00:00:00.000Z
3.08753,3.08753,,82052029,2022-04-07T00:00:00.000Z
2.94024,2.94024,,95528558,2022-04-08T00:00:00.000Z
2.72036,2.72036,,121153468,2022-04-09T00:00:00.000Z
2.73096,2.73096,,117715234,2022-04-10T00:00:00.000Z
2.7179,2.7179,,120596203,2022-04-11T00:00:00.000Z
2.66228,2.66228,,135304042,2022-04-12T00:00:00.000Z
2.77618,2.77618,,122341925,2022-04-13T00:00:00.000Z
2.72941,2.72941,,123988985,2022-04-14T00:00:00.000Z
2.7205,2.7205,,128721512,2022-04-15T00:00:00.000Z
2.69557,2.69557,,131768407,2022-04-16T00:00:00.000Z
2.70016,2.70016,,129908207,2022-04-17T00:00:00.000Z
2.70197,2.70197,,132560779,2022-04-18T00:00:00.000Z
2.70519,2.70519,,129976049,2022-04-19T00:00:00.000Z
2.79695,2.79695,,117128659,2022-04-20T00:00:00.000Z
2.73426,2.73426,,125036991,2022-04-21T00:00:00.000Z
2.65442,2.65442,,138912366,2022-04-22T00:00:00.000Z
2.41023,2.41023,,172074205,2022-04-23T00:00:00.000Z
2.55413,2.55413,,150782597,2022-04-24T00:00:00.000Z
1.86709,1.86709,,272390600,2022-04-25T00:00:00.000Z
1.84539,1.84539,,271813811,2022-04-26T00:00:00.000Z
1.89826,1.89826,,281034592,2022-04-27T00:00:00.000Z
1.90689,1.90689,,272572330,2022-04-28T00:00:00.000Z
1.91186,1.91186,,266382280,2022-04-29T00:00:00.000Z
1.922,1.922,,274826976,2022-04-30T00:00:00.000Z
1.91033,1.91033,,282025699,2022-05-01T00:00:00.000Z
1.92129,1.92129,,272354137,2022-05-02T00:00:00.000Z
1.83101,1.83101,,290725446,2022-05-03T00:00:00.000Z
1.83742,1.83742,,298661275,2022-05-04T00:00:00.000Z
2.18702,2.18702,,210339582,2022-05-05T00:00:00.000Z
1.98398,1.98398,,256257970,2022-05-06T00:00:00.000Z
1.93159,1.93159,,270386987,2022-05-07T00:00:00.000Z
1.89846,1.89846,,282534058,2022-05-08T00:00:00.000Z
1.85448,1.85448,,307374160,2022-05-09T00:00:00.000Z
1.7733,1.7733,,354407500,2022-05-10T00:00:00.000Z
1.75872,1.75872,,344667993,2022-05-11T00:00:00.000Z
2.88672,2.88672,,151671419,2022-05-12T00:00:00.000Z
2.20449,2.20449,,240988339,2022-05-13T00:00:00.000Z
2.28789,2.28789,,210128662,2022-05-14T00:00:00.000Z
2.43721,2.43721,,165470733,2022-05-15T00:00:00.000Z
2.41128,2.41128,,161458284,2022-05-16T00:00:00.000Z
2.47138,2.47138,,163758859,2022-05-17T00:00:00.000Z
2.37256,2.37256,,180504354,2022-05-18T00:00:00.000Z
2.21852,2.21852,,221951648,2022-05-19T00:00:00.000Z
1.94868,1.94868,,262781460,2022-05-20T00:00:00.000Z
2.25104,2.25104,,217428149,2022-05-21T00:00:00.000Z
2.05183,2.05183,,250102056,2022-05-22T00:00:00.000Z
1.79078,1.79078,,304160334,2022-05-23T00:00:00.000Z
1.84236,1.84236,,304389279,2022-05-24T00:00:00.000Z
1.85087,1.85087,,302413664,2022-05-25T00:00:00.000Z
1.91445,1.91445,,297250111,2022-05-26T00:00:00.000Z
1.95328,1.95328,,304401604,2022-05-27T00:00:00.000Z
1.31078,1.31078,,501554855,2022-05-28T00:00:00.000Z
1.26553,1.26553,,508801887,2022-05-29T00:00:00.000Z
1.27619,1.27619,,500421243,2022-05-30T00:00:00.000Z
1.35758,1.35758,,420589285,2022-05-31T00:00:00.000Z
1.28868,1.28868,,445255247,2022-06-01T00:00:00.000Z
1.73915,1.73915,,345777804,2022-06-02T00:00:00.000Z
1.72326,1.72326,,344779694,2022-06-03T00:00:00.000Z
1.79049,1.79049,,340961113,2022-06-04T00:00:00.000Z
1.72673,1.72673,,345714410,2022-06-05T00:00:00.000Z
1.78197,1.78197,,330518166,2022-06-06T00:00:00.000Z
1.85746,1.85746,,309545412,2022-06-07T00:00:00.000Z
1.76407,1.76407,,338309647,2022-06-08T00:00:00.000Z
1.81397,1.81397,,328100398,2022-06-09T00:00:00.000Z
1.28227,1.28227,,434308699,2022-06-10T00:00:00.000Z
1.27672,1.27672,,466905901,2022-06-11T00:00:00.000Z
1.22624,1.22624,,508666340,2022-06-12T00:00:00.000Z
1.15252,1.15252,,562053320,2022-06-13T00:00:00.000Z
0.93754,0.93754,,727043354,2022-06-14T00:00:00.000Z
0.69839,0.69839,,800062038,2022-06-15T00:00:00.000Z
0.7182,0.7182,,770146301,2022-06-16T00:00:00.000Z
1.83754,1.83754,,325015556,2022-06-17T00:00:00.000Z
1.98644,1.98644,,285504677,2022-06-18T00:00:00.000Z
2.83564,2.83564,,114573395,2022-06-19T00:00:00.000Z
2.96489,2.96489,,87372661,2022-06-20T00:00:00.000Z
2.8911,2.8911,,92324686,2022-06-21T00:00:00.000Z
2.61533,2.61533,,122441822,2022-06-22T00:00:00.000Z
0.8568,0.8568,,581214050,2022-06-23T00:00:00.000Z
0.89686,0.89686,,518453617,2022-06-24T00:00:00.000Z
1.02834,1.02834,,459505952,2022-06-25T00:00:00.000Z
1.07336,1.07336,,441098142,2022-06-26T00:00:00.000Z
1.09595,1.09595,,446389639,2022-06-27T00:00:00.000Z
1.18474,1.18474,,429620973,2022-06-28T00:00:00.000Z
1.32652,1.32652,,416500302,2022-06-29T00:00:00.000Z
1.33574,1.33574,,429929315,2022-06-30T00:00:00.000Z
1.34639,1.34639,,440444111,2022-07-01T00:00:00.000Z
1.46461,1.46461,,416084384,2022-07-02T00:00:00.000Z
1.48088,1.48088,,409999825,2022-07-03T00:00:00.000Z
1.48011,1.48011,,408601759,2022-07-04T00:00:00.000Z
1.49096,1.49096,,379098946,2022-07-05T00:00:00.000Z
1.46259,1.46259,,391840408,2022-07-06T00:00:00.000Z
1.88758,1.88758,,301420398,2022-07-07T00:00:00.000Z
1.85833,1.85833,,299045232,2022-07-08T00:00:00.000Z
1.94042,1.94042,,283964543,2022-07-09T00:00:00.000Z
1.93728,1.93728,,287581379,2022-07-10T00:00:00.000Z
1.94221,1.94221,,299158274,2022-07-11T00:00:00.000Z
1.88248,1.88248,,330669012,2022-07-12T00:00:00.000Z
1.82824,1.82824,,360559702,2022-07-13T00:00:00.000Z
1.82706,1.82706,,337277125,2022-07-14T00:00:00.000Z
1.79678,1.79678,,321199911,2022-07-15T00:00:00.000Z
1.79206,1.79206,,308738773,2022-07-16T00:00:00.000Z
1.83528,1.83528,,273463636,2022-07-17T00:00:00.000Z
1.85001,1.85001,,270766050,2022-07-18T00:00:00.000Z
1.45109,1.45109,,317622319,2022-07-19T00:00:00.000Z
1.6963,1.6963,,269433102,2022-07-20T00:00:00.000Z
1.74093,1.74093,,261787969,2022-07-21T00:00:00.000Z
1.88186,1.88186,,228052337,2022-07-22T00:00:00.000Z
1.8574,1.8574,,236354856,2022-07-23T00:00:00.000Z
1.67266,1.67266,,271623652,2022-07-24T00:00:00.000Z
1.62571,1.62571,,269089020,2022-07-25T00:00:00.000Z
1.64005,1.64005,,292337533,2022-07-26T00:00:00.000Z
1.65175,1.65175,,290444577,2022-07-27T00:00:00.000Z
1.63311,1.63311,,258977854,2022-07-28T00:00:00.000Z
1.77339,1.77339,,213056744,2022-07-29T00:00:00.000Z
1.78327,1.78327,,209167984,2022-07-30T00:00:00.000Z
1.79095,1.79095,,212501219,2022-07-31T00:00:00.000Z
1.80904,1.80904,,212613066,2022-08-01T00:00:00.000Z
1.74917,1.74917,,227295389,2022-08-02T00:00:00.000Z
1.80448,1.80448,,216094605,2022-08-03T00:00:00.000Z
1.75452,1.75452,,229016489,2022-08-04T00:00:00.000Z
1.46296,1.46296,,291808704,2022-08-05T00:00:00.000Z
1.37109,1.37109,,283629737,2022-08-06T00:00:00.000Z
1.35712,1.35712,,293248859,2022-08-07T00:00:00.000Z
1.35436,1.35436,,294096962,2022-08-08T00:00:00.000Z
1.29392,1.29392,,291330528,2022-08-09T00:00:00.000Z
1.10328,1.10328,,348407900,2022-08-10T00:00:00.000Z
1.37276,1.37276,,261386523,2022-08-11T00:00:00.000Z
1.31456,1.31456,,266040457,2022-08-12T00:00:00.000Z
1.38861,1.38861,,248520084,2022-08-13T00:00:00.000Z
1.37393,1.37393,,242676687,2022-08-14T00:00:00.000Z
1.41417,1.41417,,243087985,2022-08-15T00:00:00.000Z
1.24313,1.24313,,261992491,2022-08-16T00:00:00.000Z
1.19768,1.19768,,276444350,2022-08-17T00:00:00.000Z
1.18785,1.18785,,285451411,2022-08-18T00:00:00.000Z
1.12085,1.12085,,294897297,2022-08-19T00:00:00.000Z
1.01715,1.01715,,331624634,2022-08-20T00:00:00.000Z
1.39226,1.39226,,232633710,2022-08-21T00:00:00.000Z
1.36212,1.36212,,238555712,2022-08-22T00:00:00.000Z
1.34443,1.34443,,240286484,2022-08-23T00:00:00.000Z
1.33515,1.33515,,241556398,2022-08-24T00:00:00.000Z
1.27595,1.27595,,249424996,2022-08-25T00:00:00.000Z
1.31934,1.31934,,245314749,2022-08-26T00:00:00.000Z
1.3029,1.3029,,249159820,2022-08-27T00:00:00.000Z
1.26946,1.26946,,248675622,2022-08-28T00:00:00.000Z
1.25382,1.25382,,250908884,2022-08-29T00:00:00.000Z
1.2729,1.2729,,246682070,2022-08-30T00:00:00.000Z
1.27121,1.27121,,249265165,2022-08-31T00:00:00.000Z
1.27789,1.27789,,247609363,2022-09-01T00:00:00.000Z
1.28042,1.28042,,248430550,2022-09-02T00:00:00.000Z
1.21403,1.21403,,257101920,2022-09-03T00:00:00.000Z
1.39692,1.39692,,217974011,2022-09-04T00:00:00.000Z
1.44367,1.44367,,209869367,2022-09-05T23:00:06.172Z
1.24238,1.24238,,235284232,2022-09-06T23:00:51.712Z
1.28881,1.28881,,221792046,2022-09-07T23:00:51.718Z
1.27357,1.27357,,223814794,2022-09-08T23:00:52.030Z
1.24328,1.24328,,231514447,2022-09-09T23:00:52.015Z
1.24924,1.24924,,228792148,2022-09-10T23:00:51.817Z
1.2906,1.2906,,222839875,2022-09-11T23:00:51.797Z
1.27293,1.27293,,222064964,2022-09-12T23:00:52.141Z
1.14211,1.14211,,223789344,2022-09-13T23:00:54.982Z
1.12909,1.12909,,205643971,2022-09-14T23:00:52.103Z
1.19892,1.19892,,198144755,2022-09-15T23:00:52.100Z
1.12045,1.12045,,215216280,2022-09-16T23:00:51.920Z
1.23472,1.23472,,203049401,2022-09-17T23:00:52.036Z
1.31364,1.31364,,193776412,2022-09-18T23:00:52.211Z
1.30053,1.30053,,195492929,2022-09-19T23:00:52.752Z
1.31874,1.31874,,195799981,2022-09-20T23:00:52.567Z
1.39159,1.39159,,182887426,2022-09-21T23:00:53.126Z
1.41174,1.41174,,179820751,2022-09-22T23:00:52.235Z
1.33358,1.33358,,193389712,2022-09-23T23:00:52.530Z
1.33594,1.33594,,190661324,2022-09-24T23:00:52.329Z
1.28266,1.28266,,196672790,2022-09-25T23:00:52.493Z
1.14833,1.14833,,210581545,2022-09-26T23:00:52.702Z
1.16063,1.16063,,209085121,2022-09-27T23:00:52.900Z
1.12316,1.12316,,211047373,2022-09-28T23:00:52.500Z
1.11908,1.11908,,213100768,2022-09-29T23:00:52.598Z
1.10611,1.10611,,216170204,2022-09-30T23:00:53.143Z
1.10499,1.10499,,216266056,2022-10-01T23:00:52.835Z
1.09457,1.09457,,217082789,2022-10-02T23:00:53.014Z
1.24536,1.24536,,198857138,2022-10-03T23:00:52.639Z
1.25908,1.25908,,196860546,2022-10-04T23:00:52.824Z
1.23881,1.23881,,199337694,2022-10-05T23:00:52.593Z
1.24836,1.24836,,204398714,2022-10-06T23:00:53.058Z
1.26153,1.26153,,204818689,2022-10-07T23:00:53.231Z
1.30919,1.30919,,199749954,2022-10-08T23:00:53.162Z
1.21763,1.21763,,208517733,2022-10-09T23:00:53.292Z
1.18648,1.18648,,212279579,2022-10-10T23:00:52.875Z
1.21206,1.21206,,206860820,2022-10-11T23:00:53.600Z
1.14778,1.14778,,221221368,2022-10-12T23:00:53.145Z
1.15463,1.15463,,217086467,2022-10-13T23:00:52.358Z
1.19338,1.19338,,212018483,2022-10-14T23:00:52.879Z
0.89101,0.89101,,289401444,2022-10-15T23:00:53.229Z
0.90252,0.90252,,288151390,2022-10-16T23:00:53.240Z
1.36434,1.36434,,184842323,2022-10-17T23:00:53.097Z
1.36383,1.36383,,186681941,2022-10-18T23:00:52.949Z
1.43673,1.43673,,172999689,2022-10-19T23:00:53.410Z
1.44095,1.44095,,173447169,2022-10-20T23:00:53.132Z
2.45724,2.45724,,80518189,2022-10-21T23:00:53.076Z
2.43861,2.43861,,81770856,2022-10-22T23:00:52.953Z
2.27523,2.27523,,94049591,2022-10-23T23:00:52.970Z
2.911,2.911,,51625783,2022-10-24T23:00:52.783Z
2.8244,2.8244,,58162883,2022-10-25T23:00:52.698Z
2.72837,2.72837,,63884315,2022-10-26T23:00:52.267Z
2.69014,2.69014,,66401122,2022-10-27T23:00:52.316Z
2.76474,2.76474,,62536139,2022-10-28T23:00:52.471Z
2.08806,2.08806,,114264062,2022-10-29T23:00:52.455Z
2.21967,2.21967,,104503006,2022-10-30T23:00:52.559Z
2.95282,2.95282,,51392768,2022-10-31T23:00:52.870Z
2.84554,2.84554,,59458333,2022-11-01T23:00:52.899Z
2.80822,2.80822,,61610292,2022-11-02T23:00:52.603Z
2.92182,2.92182,,55516347,2022-11-03T23:00:52.917Z
2.7676,2.7676,,65834508,2022-11-04T23:00:52.458Z
2.59548,2.59548,,76155251,2022-11-05T23:00:52.842Z
2.57193,2.57193,,77843995,2022-11-06T23:00:56.953Z
2.47522,2.47522,,84908769,2022-11-07T23:00:52.472Z
2.98943,2.98943,,52530693,2022-11-08T23:00:52.714Z
10.23814,10.23814,,27156177,2022-11-09T23:00:52.957Z
15.84803,15.84803,,23498352,2022-11-10T23:00:52.921Z
3.81287,3.81287,,36355620,2022-11-11T23:00:52.793Z
3.91454,3.91454,,44314879,2022-11-12T23:00:52.337Z
4.03807,4.03807,,42676506,2022-11-13T23:00:52.696Z
3.88974,3.88974,,48784508,2022-11-14T23:00:52.372Z
3.61939,3.61939,,51497372,2022-11-15T23:00:53.300Z
3.85431,3.85431,,53555684,2022-11-16T23:00:53.208Z
3.56008,3.56008,,64356258,2022-11-17T23:00:52.524Z
2.70569,2.70569,,89084581,2022-11-18T23:00:52.624Z
2.75689,2.75689,,89060031,2022-11-19T23:00:52.862Z
2.97041,2.97041,,75112215,2022-11-20T23:00:53.007Z
2.95838,2.95838,,71982614,2022-11-21T23:00:52.422Z
1.98885,1.98885,,124660237,2022-11-22T23:00:52.755Z
2.10802,2.10802,,112381529,2022-11-23T23:00:52.860Z
2.6222,2.6222,,77458037,2022-11-24T23:00:52.468Z
2.23874,2.23874,,98287602,2022-11-25T23:00:52.526Z
2.32393,2.32393,,90746202,2022-11-26T23:00:53.657Z
2.35403,2.35403,,89045582,2022-11-27T23:00:52.423Z
2.20842,2.20842,,96068055,2022-11-28T23:00:52.589Z
2.10115,2.10115,,103387504,2022-11-29T23:00:55.475Z
2.30188,2.30188,,85749083,2022-11-30T23:00:55.646Z
2.42386,2.42386,,78224666,2022-12-01T23:00:52.715Z
2.46614,2.46614,,74965090,2022-12-02T23:01:09.095Z
2.46948,2.46948,,74112963,2022-12-03T23:01:01.000Z
2.45567,2.45567,,75465802,2022-12-04T23:01:00.384Z
2.16366,2.16366,,97354459,2022-12-05T23:00:55.439Z
2.34334,2.34334,,84103741,2022-12-06T23:01:15.307Z
2.27451,2.27451,,87684460,2022-12-07T23:01:00.253Z
2.29722,2.29722,,85345415,2022-12-08T23:01:17.288Z
2.41131,2.41131,,79766558,2022-12-09T23:00:55.697Z
2.39704,2.39704,,79892464,2022-12-10T23:01:04.932Z
2.28425,2.28425,,87548926,2022-12-11T23:01:01.186Z
2.24588,2.24588,,90727918,2022-12-12T23:01:14.169Z
2.13433,2.13433,,100973813,2022-12-13T23:01:02.365Z
2.44717,2.44717,,81253595,2022-12-14T23:00:55.929Z
2.46007,2.46007,,80112605,2022-12-15T23:01:01.491Z
2.37324,2.37324,,91174752,2022-12-16T23:00:55.712Z
2.34459,2.34459,,92481852,2022-12-17T23:01:02.038Z
2.47151,2.47151,,86688398,2022-12-18T23:01:08.855Z
2.45283,2.45283,,87115722,2022-12-19T23:01:04.995Z
2.44089,2.44089,,88444188,2022-12-20T23:01:08.198Z
2.28693,2.28693,,101314180,2022-12-21T23:00:56.515Z
2.19479,2.19479,,107485809,2022-12-22T23:01:07.432Z
2.35606,2.35606,,96779549,2022-12-23T23:00:59.966Z
2.21286,2.21286,,105622384,2022-12-24T23:00:58.784Z
2.21634,2.21634,,105470672,2022-12-25T23:00:56.837Z
2.21871,2.21871,,105920216,2022-12-26T23:01:02.482Z
2.27408,2.27408,,103500661,2022-12-27T23:01:05.772Z
2.22805,2.22805,,106929395,2022-12-28T23:00:55.970Z
2.25379,2.25379,,105195063,2022-12-29T23:01:01.219Z
2.44024,2.44024,,94276449,2022-12-30T23:00:54.512Z
2.29631,2.29631,,103012637,2022-12-31T23:01:05.564Z
2.27143,2.27143,,104982449,2023-01-01T23:00:55.126Z
2.29684,2.29684,,102494787,2023-01-02T23:00:59.064Z
2.24115,2.24115,,106676574,2023-01-03T23:01:05.270Z
2.25358,2.25358,,105551549,2023-01-04T23:01:04.531Z
2.25898,2.25898,,106126841,2023-01-05T23:01:04.442Z
2.4729,2.4729,,91994941,2023-01-06T23:00:58.074Z
2.3045,2.3045,,104118690,2023-01-07T23:01:19.860Z
2.1876,2.1876,,111970470,2023-01-08T23:01:09.123Z
2.20701,2.20701,,110247275,2023-01-09T23:01:08.123Z
2.32611,2.32611,,101970488,2023-01-10T23:00:59.765Z
2.44566,2.44566,,94766765,2023-01-11T23:01:00.268Z
2.59453,2.59453,,84871399,2023-01-12T23:01:18.652Z
2.72833,2.72833,,74738581,2023-01-13T23:01:38.458Z
2.70069,2.70069,,75680705,2023-01-14T23:01:07.424Z
2.39152,2.39152,,93927270,2023-01-15T23:00:54.998Z
2.52479,2.52479,,83601782,2023-01-16T23:00:56.404Z
2.71391,2.71391,,72491472,2023-01-17T23:01:10.702Z
2.9265,2.9265,,61074829,2023-01-18T23:00:58.774Z
2.95685,2.95685,,59300054,2023-01-19T23:01:09.392Z
2.68676,2.68676,,73921193,2023-01-20T23:01:10.629Z
2.86702,2.86702,,63454744,2023-01-21T23:00:57.717Z
2.7142,2.7142,,71658989,2023-01-22T23:01:06.505Z
2.80859,2.80859,,67008143,2023-01-23T23:01:09.205Z
3.04622,3.04622,,54653478,2023-01-24T23:01:08.568Z
2.68883,2.68883,,74309923,2023-01-25T23:00:58.078Z
2.7657,2.7657,,70173670,2023-01-26T23:01:11.160Z
2.88181,2.88181,,63531893,2023-01-27T23:01:01.716Z
2.80325,2.80325,,68363431,2023-01-28T23:01:01.089Z
2.78759,2.78759,,68616633,2023-01-29T23:00:58.678Z
2.96267,2.96267,,58243559,2023-01-30T23:01:00.739Z
2.8859,2.8859,,62557846,2023-01-31T23:01:19.860Z
3.23599,3.23599,,44170910,2023-02-01T23:01:25.714Z
3.17128,3.17128,,47135618,2023-02-02T23:01:04.422Z
2.93991,2.93991,,57965032,2023-02-03T23:00:59.091Z
2.90477,2.90477,,58672758,2023-02-04T23:00:56.864Z
6.41488,6.41488,,61921834,2023-02-05T23:01:07.277Z
2.76875,2.76875,,84158825,2023-02-06T23:01:20.429Z
2.79954,2.79954,,81525492,2023-02-07T23:00:55.242Z
2.82414,2.82414,,79813329,2023-02-08T23:01:19.420Z
2.86051,2.86051,,77863457,2023-02-09T23:00:53.157Z
2.7216,2.7216,,83620418,2023-02-10T23:00:57.414Z
2.23131,2.23131,,122211335,2023-02-11T23:01:08.008Z
2.22323,2.22323,,122445852,2023-02-12T23:01:06.146Z
2.98728,2.98728,,76036239,2023-02-13T23:00:59.172Z
2.93411,2.93411,,78999279,2023-02-14T23:01:00.095Z
2.70067,2.70067,,93117998,2023-02-15T23:00:58.761Z
2.58422,2.58422,,100567933,2023-02-16T23:01:08.170Z
2.55614,2.55614,,102680954,2023-02-17T23:00:58.067Z
2.62771,2.62771,,97560354,2023-02-18T23:00:59.511Z
2.64339,2.64339,,96717492,2023-02-19T23:01:00.924Z
2.66305,2.66305,,95581511,2023-02-20T23:00:56.690Z
2.80064,2.80064,,87777183,2023-02-21T23:01:04.001Z
2.78134,2.78134,,90365006,2023-02-22T23:00:57.240Z
2.81095,2.81095,,88229908,2023-02-23T23:00:58.104Z
6.84463,6.84463,,69256618,2023-02-24T23:01:01.701Z
2.95445,2.95445,,79536395,2023-02-25T23:00:56.893Z
3.00273,3.00273,,76715097,2023-02-26T23:01:04.669Z
2.93123,2.93123,,81243971,2023-02-27T23:00:58.327Z
2.97611,2.97611,,77691644,2023-02-28T23:01:02.536Z
3.37501,3.37501,,73697094,2023-03-01T23:00:58.897Z
2.50298,2.50298,,104941447,2023-03-02T23:01:00.994Z
2.70997,2.70997,,92292068,2023-03-03T23:01:14.193Z
2.46341,2.46341,,109469120,2023-03-04T23:01:01.912Z
2.45043,2.45043,,110339592,2023-03-05T23:01:10.328Z
2.44348,2.44348,,110795964,2023-03-06T23:00:58.619Z
2.44154,2.44154,,111810285,2023-03-07T23:00:58.522Z
2.32103,2.32103,,118458782,2023-03-08T23:00:53.301Z
1.87168,1.87168,,164389193,2023-03-09T23:01:04.185Z
1.65599,1.65599,,181150824,2023-03-10T23:00:59.615Z
53.83502,53.83502,,15246489,2023-03-11T23:12:08.354Z
64.11702,64.11702,,4608479,2023-03-12T23:01:01.645Z
3.63957,3.63957,,118310579,2023-03-13T23:01:01.762Z
4.18004,4.18004,,104671994,2023-03-14T23:01:03.021Z
2.89742,2.89742,,106696320,2023-03-15T23:01:00.505Z
2.81076,2.81076,,112550221,2023-03-16T23:00:59.915Z
1.63407,1.63407,,246825704,2023-03-17T23:01:13.322Z
1.41934,1.41934,,285804497,2023-03-18T23:01:11.101Z
2.23432,2.23432,,188824952,2023-03-19T23:01:15.285Z
2.42726,2.42726,,194932222,2023-03-20T23:01:16.277Z
2.22472,2.22472,,198141289,2023-03-21T23:01:13.803Z
2.78763,2.78763,,142670873,2023-03-22T23:01:15.335Z
2.75675,2.75675,,145808681,2023-03-23T23:01:04.324Z
1.83443,1.83443,,235459023,2023-03-24T23:01:09.375Z
1.59668,1.59668,,261814781,2023-03-25T23:01:02.211Z
1.70011,1.70011,,242317076,2023-03-26T23:01:03.333Z
1.37882,1.37882,,278290938,2023-03-27T23:01:13.788Z
1.22807,1.22807,,297993255,2023-03-28T23:01:03.793Z
1.39498,1.39498,,260332984,2023-03-29T23:01:02.603Z
1.72302,1.72302,,208749506,2023-03-30T23:01:04.388Z
1.94906,1.94906,,191142942,2023-03-31T23:01:02.904Z
1.58402,1.58402,,230389312,2023-04-01T23:00:56.213Z
2.00482,2.00482,,189208242,2023-04-02T23:00:59.999Z
1.53003,1.53003,,237440764,2023-04-03T23:01:12.633Z
1.48638,1.48638,,240953622,2023-04-04T23:01:17.305Z
1.55949,1.55949,,230275583,2023-04-05T23:01:01.127Z
1.61303,1.61303,,223519590,2023-04-06T23:01:00.327Z
1.60779,1.60779,,224718709,2023-04-07T23:01:12.801Z
1.65426,1.65426,,218417034,2023-04-08T23:01:11.770Z
2.01242,2.01242,,183207879,2023-04-09T23:01:04.025Z
1.87307,1.87307,,193248049,2023-04-10T23:01:00.171Z
1.87786,1.87786,,189271808,2023-04-11T23:01:01.444Z
1.95863,1.95863,,180356588,2023-04-12T23:01:01.910Z
2.30732,2.30732,,147113548,2023-04-13T23:01:09.394Z
2.34795,2.34795,,145020352,2023-04-14T23:01:06.981Z
2.3017,2.3017,,148504686,2023-04-15T23:01:21.134Z
2.21816,2.21816,,153890630,2023-04-16T23:01:18.019Z
2.18149,2.18149,,156810801,2023-04-17T23:00:59.658Z
2.21586,2.21586,,154575544,2023-04-18T23:01:06.882Z
2.18852,2.18852,,156971237,2023-04-19T23:01:01.949Z
2.27208,2.27208,,149240430,2023-04-20T23:01:41.374Z
2.25629,2.25629,,149694725,2023-04-21T23:01:09.942Z
2.19025,2.19025,,154824637,2023-04-22T23:01:31.022Z
2.43995,2.43995,,136847166,2023-04-23T23:01:01.998Z
2.11567,2.11567,,163603262,2023-04-24T23:01:14.130Z
2.24049,2.24049,,152302730,2023-04-25T23:01:02.483Z
2.30507,2.30507,,146167683,2023-04-26T23:01:24.088Z
2.33519,2.33519,,142725914,2023-04-27T23:01:00.375Z
2.32744,2.32744,,143518787,2023-04-28T23:00:56.437Z
2.36337,2.36337,,140243469,2023-04-29T23:00:56.162Z
2.90608,2.90608,,100528677,2023-04-30T23:01:00.323Z
2.29493,2.29493,,144710629,2023-05-01T23:00:55.590Z
2.29072,2.29072,,145199319,2023-05-02T23:00:55.833Z
2.3822,2.3822,,136242183,2023-05-03T23:00:55.373Z
2.4327,2.4327,,132975655,2023-05-04T23:00:55.573Z
2.54432,2.54432,,125179578,2023-05-05T23:00:55.229Z
2.58862,2.58862,,121456666,2023-05-06T23:00:55.277Z
2.87458,2.87458,,101458270,2023-05-07T23:00:55.299Z
2.19835,2.19835,,153487970,2023-05-08T23:00:55.624Z
2.16932,2.16932,,156300211,2023-05-09T23:00:55.512Z
2.23039,2.23039,,151046349,2023-05-10T23:00:56.146Z
2.21678,2.21678,,152126986,2023-05-11T23:00:55.786Z
2.33385,2.33385,,137754893,2023-05-12T23:00:55.721Z
2.31899,2.31899,,139058224,2023-05-13T23:00:55.604Z
2.33993,2.33993,,137359425,2023-05-14T23:01:08.652Z
2.34436,2.34436,,137632184,2023-05-15T23:00:55.270Z
2.3112,2.3112,,140432732,2023-05-16T23:01:08.529Z
2.38243,2.38243,,135201024,2023-05-17T23:00:55.314Z
2.2518,2.2518,,145460297,2023-05-18T23:01:09.952Z
2.21619,2.21619,,149457579,2023-05-19T23:01:10.171Z
2.18115,2.18115,,153463467,2023-05-20T23:01:11.031Z
2.27149,2.27149,,146103233,2023-05-21T23:01:13.798Z
2.15973,2.15973,,154969396,2023-05-22T23:01:02.187Z
2.11754,2.11754,,159709824,2023-05-23T23:00:55.617Z
2.30512,2.30512,,144050753,2023-05-24T23:00:55.303Z
2.36387,2.36387,,137233374,2023-05-25T23:01:10.624Z
2.58891,2.58891,,115439851,2023-05-26T23:00:55.526Z
2.59265,2.59265,,115610370,2023-05-27T23:00:55.245Z
2.66833,2.66833,,109681385,2023-05-28T23:01:10.602Z
2.64669,2.64669,,111527756,2023-05-29T23:01:09.483Z
2.28593,2.28593,,147524539,2023-05-30T23:02:09.526Z
2.27557,2.27557,,147822251,2023-05-31T23:00:54.396Z
2.29795,2.29795,,145038949,2023-06-01T23:01:09.946Z
2.33841,2.33841,,147903078,2023-06-02T23:01:10.698Z
2.32662,2.32662,,149160114,2023-06-03T23:00:54.535Z
2.31171,2.31171,,150557552,2023-06-04T23:00:54.599Z
2.2475,2.2475,,159494305,2023-06-05T23:01:09.902Z
2.72294,2.72294,,118229556,2023-06-06T23:01:09.295Z
2.74424,2.74424,,118507880,2023-06-07T23:00:55.123Z
2.62162,2.62162,,128604103,2023-06-08T23:01:09.316Z
2.45563,2.45563,,139524095,2023-06-09T23:01:11.159Z
2.23278,2.23278,,160185569,2023-06-10T23:00:54.656Z
2.5643,2.5643,,135442680,2023-06-11T23:00:54.593Z
2.23034,2.23034,,156308618,2023-06-12T23:00:54.582Z
2.36504,2.36504,,144184641,2023-06-13T23:01:10.555Z
2.64838,2.64838,,121716423,2023-06-14T23:00:54.610Z
2.6411,2.6411,,121923738,2023-06-15T23:00:54.541Z
2.91136,2.91136,,103071748,2023-06-16T23:01:10.144Z
2.70785,2.70785,,119558251,2023-06-17T23:01:09.137Z
2.474,2.474,,140984747,2023-06-18T23:01:11.171Z
2.36183,2.36183,,148827019,2023-06-19T23:01:11.590Z
2.42753,2.42753,,142749694,2023-06-20T23:01:11.144Z
2.64257,2.64257,,123155832,2023-06-21T23:01:11.027Z
2.73829,2.73829,,114665832,2023-06-22T23:00:54.481Z
2.83048,2.83048,,107904658,2023-06-23T23:00:54.496Z
3.15347,3.15347,,101018806,2023-06-24T23:01:09.368Z
2.91181,2.91181,,102889655,2023-06-25T23:01:08.031Z
3.4664,3.4664,,104116879,2023-06-26T23:00:54.393Z
2.78745,2.78745,,118494562,2023-06-27T23:01:09.104Z
2.81527,2.81527,,116883531,2023-06-28T23:00:54.558Z
2.64435,2.64435,,134092268,2023-06-29T23:00:54.603Z
2.87671,2.87671,,108147894,2023-06-30T23:01:08.522Z
2.89527,2.89527,,106485969,2023-07-01T23:01:08.313Z
2.89448,2.89448,,106663844,2023-07-02T23:00:54.786Z
2.91303,2.91303,,106847464,2023-07-03T23:01:11.963Z
2.91049,2.91049,,107132889,2023-07-04T23:01:08.356Z
2.69446,2.69446,,128574240,2023-07-05T23:01:09.067Z
2.84249,2.84249,,116671885,2023-07-06T23:01:11.853Z
2.72954,2.72954,,125702764,2023-07-07T23:01:11.861Z
2.68742,2.68742,,129127331,2023-07-08T23:00:54.492Z
2.66224,2.66224,,131175562,2023-07-09T23:00:54.448Z
2.62596,2.62596,,121531784,2023-07-10T23:01:09.563Z
2.63692,2.63692,,119716122,2023-07-11T23:00:54.896Z
2.68731,2.68731,,115057615,2023-07-12T23:00:54.797Z
2.60261,2.60261,,121517222,2023-07-13T23:00:54.644Z
2.49668,2.49668,,138720995,2023-07-14T23:01:08.676Z
2.58684,2.58684,,128816147,2023-07-15T23:01:09.932Z
2.74485,2.74485,,111628872,2023-07-16T23:01:08.903Z
2.68198,2.68198,,113156015,2023-07-17T23:01:08.705Z
2.69226,2.69226,,112766497,2023-07-18T23:00:54.999Z
2.75115,2.75115,,109421414,2023-07-19T23:01:10.522Z
5.19135,5.19135,,106291862,2023-07-20T23:01:12.208Z
3.37947,3.37947,,108942209,2023-07-21T23:00:54.643Z
2.69601,2.69601,,114820626,2023-07-22T23:00:59.724Z
2.65627,2.65627,,118159680,2023-07-23T23:00:54.357Z
2.63248,2.63248,,120252801,2023-07-24T23:00:54.285Z
2.56277,2.56277,,127616646,2023-07-25T23:00:54.286Z
2.56249,2.56249,,127969744,2023-07-26T23:00:54.772Z
2.57395,2.57395,,126778457,2023-07-27T23:00:54.818Z
2.5784,2.5784,,127599643,2023-07-28T23:00:54.888Z
2.62586,2.62586,,122405810,2023-07-29T23:00:54.530Z
4.02429,4.02429,,104292446,2023-07-30T23:00:54.870Z
2.42165,2.42165,,125523353,2023-07-31T23:00:54.121Z
7.47287,7.47287,,73417790,2023-08-01T23:01:00.349Z
7.72068,7.72068,,67821462,2023-08-02T23:00:55.191Z
7.99635,7.99635,,65348818,2023-08-03T23:01:10.775Z
7.32632,7.32632,,63479184,2023-08-04T23:01:10.404Z
2.59958,2.59958,,78467061,2023-08-05T23:01:10.101Z
3.62135,3.62135,,66063091,2023-08-06T23:00:54.416Z
2.55939,2.55939,,80018449,2023-08-07T23:00:54.453Z
2.64816,2.64816,,72579524,2023-08-08T23:00:54.479Z
2.74878,2.74878,,68411444,2023-08-09T23:00:54.502Z
2.70453,2.70453,,70100426,2023-08-10T23:00:54.684Z
16.09352,16.09352,,57828377,2023-08-11T23:00:54.528Z
2.60609,2.60609,,80806969,2023-08-12T23:00:54.756Z
2.63234,2.63234,,76858049,2023-08-13T23:00:54.586Z
2.36179,2.36179,,95816618,2023-08-14T23:00:54.747Z
2.66286,2.66286,,75583806,2023-08-15T23:00:54.683Z
2.81225,2.81225,,69928076,2023-08-16T23:00:54.439Z
2.75314,2.75314,,70733511,2023-08-17T23:00:54.483Z
2.52247,2.52247,,81651518,2023-08-18T23:00:54.534Z
2.72312,2.72312,,68740586,2023-08-19T23:00:54.361Z
2.71001,2.71001,,69368012,2023-08-20T23:00:54.336Z
2.67361,2.67361,,70911016,2023-08-21T23:00:54.382Z
2.68643,2.68643,,70154858,2023-08-22T23:00:58.509Z
5.8459,5.8459,,61642086,2023-08-23T23:11:52.988Z
4.76801,4.76801,,62599122,2023-08-24T23:00:54.223Z
2.61051,2.61051,,73668289,2023-08-25T23:00:54.444Z
2.6666,2.6666,,70123473,2023-08-26T23:00:54.314Z
2.71739,2.71739,,67442542,2023-08-27T23:00:54.748Z
3.33319,3.33319,,63633757,2023-08-28T23:00:55.230Z
2.73962,2.73962,,66093715,2023-08-29T23:00:54.777Z
2.76451,2.76451,,64997292,2023-08-30T23:00:54.678Z
2.75637,2.75637,,65310716,2023-08-31T23:00:54.112Z
4.59561,4.59561,,62159048,2023-09-01T11:00:54.492Z
2.76511,2.76511,,66075506,2023-09-04T23:00:54.328Z
2.74327,2.74327,,67542468,2023-09-05T23:00:54.293Z
2.73242,2.73242,,67722770,2023-09-06T23:00:54.785Z
2.71268,2.71268,,68756086,2023-09-07T23:00:54.207Z
2.6946,2.6946,,70094018,2023-09-08T23:00:54.280Z
2.65667,2.65667,,72495988,2023-09-09T23:00:54.510Z
2.67579,2.67579,,71679656,2023-09-10T23:00:54.601Z
2.54387,2.54387,,68753215,2023-09-11T23:00:54.407Z
2.54525,2.54525,,68613875,2023-09-12T23:11:53.176Z
2.605,2.605,,65274739,2023-09-13T23:00:54.457Z
2.60018,2.60018,,65445716,2023-09-14T23:00:54.502Z
2.59788,2.59788,,65057942,2023-09-15T23:00:54.745Z
6.29502,6.29502,,60725672,2023-09-16T23:00:54.299Z
4.40719,4.40719,,62945200,2023-09-17T23:00:54.702Z
5.26201,5.26201,,61576279,2023-09-18T23:11:53.027Z
2.60029,2.60029,,64825819,2023-09-19T23:00:52.658Z
2.60868,2.60868,,63913855,2023-09-20T23:00:53.147Z
2.60812,2.60812,,63916577,2023-09-21T23:00:53.976Z
2.60214,2.60214,,64192370,2023-09-22T23:00:52.988Z
2.59987,2.59987,,63294144,2023-09-23T23:00:53.041Z
2.80113,2.80113,,62475685,2023-09-24T23:00:52.618Z
2.23596,2.23596,,85007451,2023-09-25T23:00:52.528Z
2.27469,2.27469,,82537808,2023-09-26T23:00:53.009Z
2.37597,2.37597,,76946262,2023-09-27T23:00:53.253Z
2.46082,2.46082,,71382115,2023-09-28T23:00:53.273Z
3.25772,3.25772,,62510156,2023-09-29T23:00:52.916Z
6.99808,6.99808,,50020613,2023-09-30T23:00:52.637Z
3.18252,3.18252,,56588034,2023-10-01T23:00:52.656Z
2.61006,2.61006,,57199326,2023-10-02T23:00:53.018Z
3.98632,3.98632,,55679900,2023-10-03T23:00:52.829Z
3.83877,3.83877,,55642062,2023-10-04T23:00:52.745Z
4.21131,4.21131,,54413350,2023-10-05T23:00:52.878Z
4.20104,4.20104,,54303592,2023-10-06T23:00:53.595Z
4.61389,4.61389,,53453391,2023-10-07T23:00:52.785Z
4.81637,4.81637,,52986352,2023-10-08T23:00:53.088Z
5.55726,5.55726,,51830235,2023-10-09T23:00:52.621Z
4.55939,4.55939,,52783990,2023-10-10T23:00:53.050Z
4.29448,4.29448,,52729237,2023-10-11T23:00:52.781Z
3.00284,3.00284,,52635474,2023-10-12T23:00:53.265Z
2.61204,2.61204,,53495934,2023-10-13T23:00:52.620Z
2.61135,2.61135,,53505890,2023-10-14T23:00:53.200Z
3.05063,3.05063,,52892649,2023-10-15T23:00:52.555Z
6.08704,6.08704,,49028915,2023-10-16T23:00:52.613Z
2.61608,2.61608,,49925670,2023-10-17T23:00:52.741Z
4.31061,4.31061,,47844951,2023-10-18T23:00:52.833Z
6.74174,6.74174,,45578652,2023-10-19T23:00:52.943Z
5.67555,5.67555,,46528682,2023-10-20T23:00:53.308Z
4.52932,4.52932,,47562363,2023-10-21T23:00:52.918Z
3.00303,3.00303,,48846384,2023-10-22T23:00:52.721Z
7.66933,7.66933,,44357688,2023-10-23T23:00:52.887Z
3.24331,3.24331,,47899328,2023-10-24T23:00:52.650Z
6.63167,6.63167,,44918591,2023-10-25T23:00:54.472Z
5.37987,5.37987,,46887806,2023-10-26T23:00:54.651Z
5.77498,5.77498,,46125169,2023-10-27T23:00:55.995Z
4.55463,4.55463,,47362320,2023-10-28T23:11:56.273Z
4.8391,4.8391,,47174401,2023-10-29T23:00:57.697Z
6.08071,6.08071,,46280764,2023-10-30T23:01:19.220Z
5.37396,5.37396,,46726978,2023-10-31T23:00:58.952Z
5.67898,5.67898,,46319409,2023-11-01T23:00:57.506Z
2.62098,2.62098,,50715488,2023-11-02T23:01:08.067Z
3.25272,3.25272,,50092811,2023-11-03T23:01:02.064Z
6.46529,6.46529,,47004416,2023-11-04T23:00:59.533Z
6.46529,6.46529,,47098331,2023-11-05T23:01:00.602Z
6.46529,6.46529,,46957458,2023-11-06T23:00:58.863Z
6.46529,6.46529,,46957458,2023-11-07T23:00:54.902Z
6.46529,6.46529,,46941023,2023-11-08T23:01:01.312Z
6.46529,6.46529,,46934402,2023-11-09T23:01:03.606Z
6.46529,6.46529,,47004416,2023-11-10T23:01:03.663Z
6.46529,6.46529,,46957458,2023-11-11T23:01:02.960Z
6.46529,6.46529,,46957458,2023-11-12T23:00:54.273Z
7.5837,7.5837,,44413615,2023-11-13T23:00:59.693Z
8.15301,8.15301,,44090594,2023-11-14T23:00:55.361Z
4.55137,4.55137,,46860241,2023-11-15T23:00:55.006Z
5.05447,5.05447,,45053956,2023-11-16T23:00:55.236Z
6.20347,6.20347,,44540225,2023-11-17T23:00:55.166Z
2.88171,2.88171,,46970347,2023-11-18T23:00:56.013Z
4.42621,4.42621,,46080395,2023-11-19T23:00:55.227Z
9.34051,9.34051,,41708385,2023-11-20T23:00:54.665Z
6.11789,6.11789,,44346120,2023-11-21T23:00:58.329Z
2.57181,2.57181,,50158650,2023-11-22T23:00:55.267Z
5.45864,5.45864,,45144562,2023-11-23T23:00:58.030Z
2.58123,2.58123,,48750003,2023-11-24T23:00:55.292Z
6.44649,6.44649,,43329941,2023-11-25T23:00:58.282Z
6.81359,6.81359,,42969221,2023-11-26T23:01:00.351Z
4.8359,4.8359,,45079895,2023-11-27T23:00:58.100Z
3.7807,3.7807,,46048980,2023-11-28T23:00:57.536Z
7.96564,7.96564,,42065430,2023-11-29T23:00:58.976Z
2.89127,2.89127,,53179884,2023-11-30T23:00:58.085Z
11.69762,11.69762,,37994295,2023-12-01T23:00:54.848Z
3.03393,3.03393,,45235458,2023-12-02T23:00:55.480Z
7.79395,7.79395,,40355469,2023-12-03T23:00:58.349Z
5.77671,5.77671,,41820634,2023-12-04T23:00:54.568Z
3.97438,3.97438,,43452097,2023-12-05T23:01:03.423Z
6.84987,6.84987,,40861137,2023-12-06T23:00:57.061Z
4.76013,4.76013,,41391461,2023-12-07T23:00:57.171Z
5.74731,5.74731,,40640274,2023-12-08T23:00:58.056Z
5.37329,5.37329,,41298110,2023-12-09T23:00:58.157Z
10.26862,10.26862,,37584644,2023-12-10T23:01:04.826Z
8.30911,8.30911,,39928702,2023-12-11T23:00:55.054Z
4.8864,4.8864,,43462573,2023-12-12T23:00:54.525Z
8.46296,8.46296,,40686233,2023-12-13T23:00:54.759Z
7.99096,7.99096,,40357127,2023-12-14T23:01:02.228Z
5.83756,5.83756,,41888858,2023-12-15T23:01:02.745Z
4.32641,4.32641,,43175973,2023-12-16T23:00:57.345Z
3.20802,3.20802,,44297152,2023-12-17T11:01:02.135Z
5.05782,5.05782,,42695387,2023-12-18T23:01:03.800Z
10.00351,10.00351,,39027009,2023-12-19T23:01:00.448Z
16.19375,16.19375,,32510615,2023-12-20T23:01:01.115Z
8.12464,8.12464,,38178710,2023-12-21T23:00:55.155Z
10.12742,10.12742,,36493516,2023-12-22T23:01:02.705Z
8.99713,8.99713,,37274852,2023-12-23T23:00:55.152Z
7.4398,7.4398,,38083960,2023-12-24T23:01:01.702Z
5.82992,5.82992,,39228541,2023-12-25T23:00:55.119Z
6.41782,6.41782,,39040475,2023-12-26T23:01:01.441Z
8.83254,8.83254,,37030717,2023-12-27T23:00:57.657Z
12.72239,12.72239,,33242506,2023-12-28T23:00:57.863Z
8.07851,8.07851,,36160663,2023-12-29T23:00:55.314Z
7.9966,7.9966,,36402905,2023-12-30T23:00:59.354Z
3.46001,3.46001,,40176012,2023-12-31T23:01:01.869Z
12.97085,12.97085,,32925979,2024-01-01T23:01:19.430Z
10.85141,10.85141,,34086539,2024-01-02T23:01:01.824Z
3.0434,3.0434,,37492984,2024-01-03T23:01:04.482Z
2.947,2.947,,39727490,2024-01-04T23:01:06.552Z
3.04348,3.04348,,37856571,2024-01-05T23:01:01.514Z
5.28997,5.28997,,36079995,2024-01-06T23:00:58.338Z
10.06069,10.06069,,32490915,2024-01-07T23:01:04.811Z
5.61391,5.61391,,35347456,2024-01-08T23:01:03.519Z
4.92401,4.92401,,35266639,2024-01-09T23:01:01.709Z
7.78274,7.78274,,33664973,2024-01-10T23:01:01.428Z
5.76959,5.76959,,35179906,2024-01-11T23:01:04.648Z
2.92382,2.92382,,41049253,2024-01-12T23:00:54.872Z
3.87341,3.87341,,36881315,2024-01-13T23:01:01.767Z
3.94775,3.94775,,36804849,2024-01-14T23:00:54.778Z
6.77759,6.77759,,35463944,2024-01-15T23:01:00.400Z
7.75625,7.75625,,35273899,2024-01-16T23:00:59.100Z
4.54483,4.54483,,37771988,2024-01-17T23:01:20.806Z
3.59106,3.59106,,41095617,2024-01-18T23:01:02.667Z
10.74565,10.74565,,34393846,2024-01-19T23:01:01.713Z
5.10998,5.10998,,38599455,2024-01-20T23:01:03.208Z
8.28526,8.28526,,35937334,2024-01-21T23:01:00.442Z
13.19815,13.19815,,32680054,2024-01-22T23:01:05.631Z
6.37691,6.37691,,37343930,2024-01-23T23:01:13.188Z
4.30051,4.30051,,37284273,2024-01-24T23:01:01.170Z
7.10448,7.10448,,35117835,2024-01-25T23:01:02.304Z
3.63603,3.63603,,38099106,2024-01-26T23:01:02.989Z
5.53672,5.53672,,36353561,2024-01-27T23:01:01.471Z
8.17938,8.17938,,34488817,2024-01-28T23:01:02.472Z
3.56586,3.56586,,40059812,2024-01-29T23:01:01.148Z
7.10125,7.10125,,35404073,2024-01-30T23:01:20.337Z
4.94525,4.94525,,37039000,2024-01-31T23:00:55.203Z
5.52901,5.52901,,36680961,2024-02-01T23:01:20.605Z
4.3278,4.3278,,37595348,2024-02-02T23:01:20.901Z
4.85122,4.85122,,37196676,2024-02-03T23:01:05.278Z
3.56266,3.56266,,40483964,2024-02-04T23:01:29.216Z
3.52997,3.52997,,40926684,2024-02-05T23:01:04.273Z
3.52021,3.52021,,41312606,2024-02-06T23:01:20.804Z
3.59803,3.59803,,39228081,2024-02-07T23:01:20.821Z
4.46418,4.46418,,37277138,2024-02-08T23:01:20.633Z
14.20834,14.20834,,30078905,2024-02-09T23:00:55.983Z
9.06055,9.06055,,32602638,2024-02-10T23:01:21.692Z
9.47107,9.47107,,32391289,2024-02-11T23:23:33.207Z
8.86568,8.86568,,32851516,2024-02-12T23:01:02.333Z
4.84047,4.84047,,35833884,2024-02-13T23:12:09.250Z
7.4649,7.4649,,33733222,2024-02-14T23:01:20.894Z
9.68554,9.68554,,32178656,2024-02-15T23:01:39.446Z
5.61853,5.61853,,34949254,2024-02-16T23:00:53.936Z
7.62637,7.62637,,33712799,2024-02-17T23:01:20.875Z
7.74985,7.74985,,33664594,2024-02-18T23:01:20.879Z
6.23712,6.23712,,34583443,2024-02-19T23:23:30.412Z
7.86916,7.86916,,33608723,2024-02-20T23:01:20.777Z
6.76106,6.76106,,34573650,2024-02-21T23:01:20.640Z
4.06954,4.06954,,36607049,2024-02-22T23:01:20.818Z
4.56475,4.56475,,36384733,2024-02-23T23:12:28.229Z
4.61282,4.61282,,36399386,2024-02-24T23:01:22.687Z
6.67043,6.67043,,35111283,2024-02-25T23:01:23.883Z
7.76983,7.76983,,33760632,2024-02-26T23:01:20.658Z
8.46415,8.46415,,33069862,2024-02-27T23:01:43.103Z
4.71786,4.71786,,35227282,2024-02-28T23:02:05.003Z
6.55759,6.55759,,34138091,2024-02-29T23:01:20.254Z
8.956,8.956,,32211988,2024-03-01T23:01:21.030Z
12.35585,12.35585,,29991683,2024-03-02T23:01:20.761Z
10.29427,10.29427,,31074722,2024-03-03T23:02:00.464Z
11.63024,11.63024,,30300826,2024-03-04T16:01:20.703Z
9.26366,9.26366,,32775404,2024-03-05T23:01:20.545Z
25.89807,25.89807,,23129371,2024-03-06T23:01:21.007Z
12.90855,12.90855,,31200174,2024-03-07T23:01:21.105Z
8.82832,8.82832,,33708435,2024-03-08T23:01:20.588Z
9.07813,9.07813,,33481776,2024-03-09T23:01:20.952Z
11.74743,11.74743,,31695192,2024-03-10T23:01:20.960Z
15.21045,15.21045,,29791332,2024-03-11T23:01:20.749Z
18.68535,18.68535,,26861884,2024-03-12T23:01:20.655Z
15.4992,15.4992,,28424852,2024-03-13T23:01:21.020Z
12.66895,12.66895,,30132460,2024-03-14T23:01:03.425Z
11.96227,11.96227,,30652499,2024-03-15T23:01:01.162Z
11.44116,11.44116,,29891632,2024-03-16T23:01:00.260Z
8.82949,8.82949,,30594590,2024-03-17T23:01:00.230Z
5.18327,5.18327,,33670470,2024-03-18T23:01:00.539Z
12.55541,12.55541,,29100963,2024-03-19T23:01:01.311Z
7.95434,7.95434,,31728101,2024-03-20T23:00:58.529Z
7.85375,7.85375,,32804758,2024-03-21T23:01:03.975Z
10.62118,10.62118,,30056890,2024-03-22T23:00:53.926Z
7.15604,7.15604,,32600838,2024-03-23T23:00:53.141Z
5.7038,5.7038,,33264799,2024-03-24T23:00:53.384Z
10.2541,10.2541,,29950737,2024-03-25T23:01:23.809Z
6.89789,6.89789,,32234520,2024-03-26T23:00:54.125Z
8.94662,8.94662,,30092892,2024-03-27T23:00:54.185Z
2.80751,2.80751,,50358362,2024-03-28T23:00:53.772Z
14.37256,14.37256,,27058157,2024-03-29T20:00:54.714Z
14.41643,14.41643,,26246481,2024-03-30T23:00:53.703Z
10.59924,10.59924,,27813608,2024-03-31T23:01:10.920Z
7.16162,7.16162,,30059862,2024-04-01T23:01:12.227Z
4.826,4.826,,32043100,2024-04-02T23:00:53.337Z
4.22383,4.22383,,32630042,2024-04-03T23:00:53.774Z
17.05963,17.05963,,23576181,2024-04-04T23:00:54.156Z
14.27136,14.27136,,25013932,2024-04-05T23:00:52.983Z
12.89613,12.89613,,25994023,2024-04-06T23:01:17.565Z
8.39561,8.39561,,29405928,2024-04-07T23:01:42.231Z
5.48913,5.48913,,31849567,2024-04-08T23:01:23.409Z
5.16801,5.16801,,32417112,2024-04-09T23:00:53.838Z
10.81331,10.81331,,30407172,2024-04-10T23:00:53.659Z
13.93119,13.93119,,28262810,2024-04-11T23:00:53.801Z
7.652,7.652,,32901703,2024-04-12T23:00:54.614Z
6.17366,6.17366,,33252895,2024-04-13T23:00:54.282Z
11.99717,11.99717,,27859008,2024-04-14T23:00:53.701Z
5.1716,5.1716,,41960365,2024-04-15T23:01:12.559Z
10.21748,10.21748,,31862555,2024-04-16T23:00:54.212Z
5.47271,5.47271,,39924432,2024-04-17T23:01:04.193Z
12.32189,12.32189,,30026874,2024-04-18T23:00:53.700Z
10.29784,10.29784,,31290856,2024-04-19T23:00:54.054Z
5.42845,5.42845,,38189476,2024-04-20T23:00:53.786Z
5.43301,5.43301,,38088157,2024-04-21T23:00:54.140Z
5.25233,5.25233,,41110322,2024-04-22T23:00:53.479Z
5.29543,5.29543,,40384725,2024-04-23T23:00:53.239Z
5.14925,5.14925,,42911719,2024-04-24T23:00:53.528Z
6.32206,6.32206,,33127424,2024-04-25T23:00:53.431Z
7.57204,7.57204,,32075848,2024-04-26T23:00:53.225Z
5.71428,5.71428,,33829028,2024-04-27T23:00:52.885Z
6.1749,6.1749,,33440304,2024-04-28T23:00:53.350Z
6.76117,6.76117,,32925573,2024-04-29T23:00:53.222Z
4.78912,4.78912,,41762906,2024-04-30T23:00:52.887Z
4.50369,4.50369,,45893908,2024-05-01T23:00:53.349Z
4.86645,4.86645,,38099975,2024-05-02T23:00:53.071Z
5.06932,5.06932,,34702482,2024-05-03T23:00:53.392Z
5.01782,5.01782,,35517738,2024-05-04T23:00:53.320Z
5.04677,5.04677,,35160279,2024-05-05T23:00:54.151Z
3.82132,3.82132,,34819084,2024-05-06T23:01:43.753Z
3.94486,3.94486,,32741389,2024-05-07T23:00:53.458Z
3.88275,3.88275,,33839007,2024-05-08T23:00:53.136Z
3.83799,3.83799,,34785680,2024-05-09T23:00:53.534Z
3.8098,3.8098,,35410806,2024-05-10T23:00:53.424Z
3.79368,3.79368,,35840940,2024-05-11T23:00:56.899Z
3.51785,3.51785,,34222144,2024-05-12T23:00:53.116Z
3.58879,3.58879,,32752737,2024-05-13T23:00:53.482Z
5.46584,5.46584,,31461253,2024-05-14T23:00:53.133Z
7.96616,7.96616,,28949406,2024-05-15T23:00:52.889Z
4.76435,4.76435,,31826366,2024-05-16T23:00:53.914Z
3.77333,3.77333,,32841949,2024-05-17T23:00:53.085Z
3.68813,3.68813,,32914078,2024-05-18T23:00:53.569Z
4.90237,4.90237,,31947137,2024-05-19T23:00:53.088Z
5.60886,5.60886,,31036650,2024-05-20T23:00:53.193Z
3.57448,3.57448,,33762720,2024-05-21T23:00:53.159Z
4.51949,4.51949,,32454593,2024-05-22T23:00:52.895Z
3.46345,3.46345,,36775157,2024-05-23T23:00:53.536Z
4.3492,4.3492,,32879993,2024-05-24T23:01:11.407Z
4.12652,4.12652,,32995228,2024-05-25T23:00:53.376Z
5.34772,5.34772,,31811119,2024-05-26T23:00:53.218Z
3.30476,3.30476,,38861862,2024-05-27T23:00:53.627Z
3.37161,3.37161,,37231750,2024-05-28T23:00:53.205Z
3.42756,3.42756,,35899705,2024-05-29T23:00:53.466Z
3.35744,3.35744,,36641011,2024-05-30T23:00:53.090Z
3.49393,3.49393,,34042729,2024-05-31T23:01:13.525Z
3.53461,3.53461,,33161408,2024-06-01T23:01:13.149Z
3.4728,3.4728,,31502167,2024-06-02T23:01:12.810Z
4.83964,4.83964,,30287265,2024-06-03T23:00:54.064Z
5.68139,5.68139,,29432843,2024-06-04T23:01:02.080Z
7.18188,7.18188,,27901020,2024-06-05T23:01:09.222Z
8.59107,8.59107,,26535969,2024-06-06T23:00:55.153Z
4.43027,4.43027,,30103595,2024-06-07T23:01:14.092Z
5.32105,5.32105,,29202742,2024-06-08T23:00:56.448Z
6.1236,6.1236,,28350698,2024-06-09T23:01:02.764Z
8.60458,8.60458,,26463024,2024-06-10T23:01:53.550Z
6.51146,6.51146,,28428756,2024-06-11T23:00:54.394Z
6.23581,6.23581,,28632234,2024-06-12T23:01:01.746Z
6.72634,6.72634,,28128149,2024-06-13T23:00:54.986Z
5.47645,5.47645,,29270511,2024-06-14T23:01:06.250Z
5.62202,5.62202,,29170116,2024-06-15T23:01:14.815Z
5.17381,5.17381,,29601396,2024-06-16T23:01:13.074Z
4.96885,4.96885,,29835443,2024-06-17T23:00:55.059Z
4.65335,4.65335,,30099489,2024-06-18T23:00:54.242Z
6.14329,6.14329,,28826383,2024-06-19T23:00:54.889Z
5.94959,5.94959,,29011027,2024-06-20T23:00:54.729Z
6.69636,6.69636,,28283557,2024-06-21T23:01:15.139Z
4.3379,4.3379,,30413375,2024-06-22T23:01:53.287Z
3.59272,3.59272,,31199245,2024-06-23T23:01:17.792Z
9.24949,9.24949,,25599572,2024-06-24T23:00:55.379Z
3.09884,3.09884,,35225602,2024-06-25T23:01:11.656Z
6.26896,6.26896,,28541964,2024-06-26T23:01:03.442Z
3.19277,3.19277,,32622089,2024-06-27T23:01:13.602Z
3.15816,3.15816,,33038958,2024-06-28T23:01:01.586Z
4.72271,4.72271,,30493002,2024-06-29T23:00:55.628Z
6.5779,6.5779,,29988697,2024-06-30T23:01:06.078Z
2.16997,2.16997,,53017230,2024-07-01T23:00:56.145Z
2.26188,2.26188,,49850054,2024-07-02T23:01:55.445Z
2.29501,2.29501,,48898498,2024-07-03T23:01:55.400Z
2.05536,2.05536,,54017380,2024-07-04T23:01:53.858Z
2.08748,2.08748,,52334390,2024-07-05T23:01:55.356Z
1.88236,1.88236,,51303355,2024-07-06T23:01:55.813Z
1.8876,1.8876,,51152024,2024-07-07T23:01:54.470Z
1.9763,1.9763,,47916282,2024-07-08T23:01:54.368Z
2.02342,2.02342,,46382870,2024-07-09T23:01:58.213Z
2.07849,2.07849,,44768725,2024-07-10T23:01:55.518Z
2.1197,2.1197,,43483117,2024-07-11T23:01:55.034Z
2.12776,2.12776,,43133439,2024-07-12T23:01:59.698Z
2.28128,2.28128,,38526556,2024-07-13T23:02:00.696Z
2.54747,2.54747,,33067422,2024-07-14T23:02:32.331Z
2.50149,2.50149,,33680370,2024-07-15T23:01:59.780Z
2.57251,2.57251,,32073528,2024-07-16T23:02:08.704Z
2.66407,2.66407,,29721719,2024-07-17T23:02:38.687Z
2.66776,2.66776,,29725979,2024-07-18T23:02:44.637Z
2.67101,2.67101,,29726191,2024-07-19T23:02:02.737Z
2.6729,2.6729,,29669088,2024-07-20T23:02:03.835Z
2.73881,2.73881,,28101623,2024-07-21T23:02:26.767Z
2.78221,2.78221,,27256547,2024-07-22T23:01:59.140Z
9.52906,9.52906,,19426872,2024-07-23T23:02:05.172Z
6.60637,6.60637,,21731970,2024-07-24T23:02:30.671Z
3.71486,3.71486,,23741156,2024-07-25T23:02:38.599Z
6.61239,6.61239,,20974808,2024-07-26T23:01:58.310Z
4.62242,4.62242,,22680793,2024-07-27T23:01:59.765Z
4.32757,4.32757,,22906451,2024-07-28T23:02:00.043Z
6.73741,6.73741,,20813391,2024-07-29T23:01:57.328Z
7.35333,7.35333,,20351715,2024-07-30T23:02:10.126Z
5.74739,5.74739,,21661671,2024-07-31T23:01:57.563Z
3.5956,3.5956,,23583142,2024-08-01T23:01:56.700Z
3.65619,3.65619,,23687757,2024-08-02T23:01:55.129Z
4.73711,4.73711,,22859578,2024-08-03T23:01:58.688Z
2.00097,2.00097,,26610828,2024-08-04T23:01:57.642Z
3.79075,3.79075,,21101144,2024-08-05T23:01:57.824Z
2.05636,2.05636,,23960477,2024-08-06T23:01:58.700Z
2.04213,2.04213,,24231702,2024-08-07T23:01:57.975Z
2.0615,2.0615,,23866828,2024-08-08T23:01:54.595Z
2.07963,2.07963,,23255773,2024-08-09T23:02:01.736Z
2.28031,2.28031,,23084543,2024-08-10T23:01:54.628Z
3.20254,3.20254,,22358679,2024-08-11T23:01:56.643Z
2.1596,2.1596,,22879122,2024-08-12T23:01:57.738Z
1.81407,1.81407,,23275615,2024-08-13T23:01:55.412Z
5.17839,5.17839,,19633003,2024-08-14T23:02:03.493Z
4.30233,4.30233,,20294793,2024-08-15T23:01:56.611Z
4.31872,4.31872,,20296375,2024-08-16T23:01:58.897Z
4.71897,4.71897,,20002402,2024-08-17T23:00:55.550Z
3.66048,3.66048,,20911524,2024-08-18T23:02:09.280Z
4.10857,4.10857,,20616942,2024-08-19T23:01:08.230Z
4.38565,4.38565,,20370698,2024-08-20T23:00:54.891Z
3.58826,3.58826,,20508221,2024-08-21T23:00:56.284Z
3.77962,3.77962,,20334476,2024-08-22T23:00:57.387Z
2.41084,2.41084,,21749602,2024-08-23T23:00:56.319Z
3.93904,3.93904,,20134045,2024-08-24T23:01:07.875Z
3.60818,3.60818,,20450749,2024-08-25T23:00:56.422Z
3.73389,3.73389,,20326061,2024-08-26T23:01:03.534Z
3.1558,3.1558,,20938133,2024-08-27T23:00:56.039Z
3.24791,3.24791,,20861788,2024-08-28T23:01:02.821Z
2.40566,2.40566,,21563108,2024-08-29T23:01:07.450Z
2.48616,2.48616,,21507342,2024-08-30T23:00:59.073Z
1.96717,1.96717,,21874673,2024-08-31T23:00:54.884Z
2.06125,2.06125,,21801022,2024-09-01T23:00:55.249Z
2.55334,2.55334,,21387236,2024-09-02T23:01:12.272Z
2.72145,2.72145,,21159835,2024-09-03T23:00:56.208Z
2.33772,2.33772,,21544868,2024-09-04T23:01:28.796Z
3.42593,3.42593,,20492611,2024-09-05T23:01:00.553Z
1.5256,1.5256,,23687366,2024-09-06T23:00:58.463Z
1.52549,1.52549,,23686610,2024-09-07T23:00:59.191Z
1.53035,1.53035,,23498643,2024-09-08T23:00:54.540Z
1.55262,1.55262,,22712175,2024-09-09T23:00:57.465Z
1.31706,1.31706,,22603024,2024-09-10T23:01:17.637Z
2.76581,2.76581,,20865107,2024-09-11T23:01:01.902Z
2.30067,2.30067,,20853608,2024-09-12T23:00:55.667Z
3.57647,3.57647,,19237784,2024-09-13T23:01:04.964Z
3.57969,3.57969,,19223528,2024-09-14T23:00:55.810Z
3.79244,3.79244,,18950029,2024-09-15T23:00:55.407Z
3.61772,3.61772,,19165391,2024-09-16T23:00:58.035Z
3.4349,3.4349,,19401943,2024-09-17T23:00:57.108Z
2.95545,2.95545,,19921200,2024-09-18T23:00:58.891Z
5.83067,5.83067,,16437520,2024-09-19T23:00:56.432Z
5.37682,5.37682,,16917417,2024-09-20T23:00:58.305Z
5.08279,5.08279,,17224301,2024-09-21T23:00:55.171Z
4.60561,4.60561,,17709249,2024-09-22T23:00:54.917Z
3.9042,3.9042,,18365882,2024-09-23T23:01:05.582Z
3.99765,3.99765,,18263059,2024-09-24T23:01:26.205Z
3.71358,3.71358,,18523617,2024-09-25T23:01:24.825Z
3.64541,3.64541,,18610029,2024-09-26T23:01:14.377Z
2.87915,2.87915,,18647483,2024-09-27T23:17:00.484Z
2.94878,2.94878,,18539717,2024-09-28T23:01:17.812Z
2.53301,2.53301,,19062987,2024-09-29T23:01:16.201Z
2.47996,2.47996,,19108740,2024-09-30T23:01:55.408Z
1.94202,1.94202,,19945427,2024-10-01T23:01:25.533Z
1.73203,1.73203,,20237133,2024-10-02T23:01:05.473Z
2.38463,2.38463,,19339263,2024-10-03T23:01:09.830Z
2.47076,2.47076,,19209797,2024-10-04T23:01:07.215Z
1.45235,1.45235,,20508623,2024-10-05T23:00:58.728Z
1.43593,1.43593,,20533908,2024-10-06T23:01:02.376Z
1.34291,1.34291,,20577941,2024-10-07T23:00:55.745Z
1.15433,1.15433,,20945206,2024-10-08T23:01:17.394Z
0.86895,0.86895,,22115865,2024-10-09T23:01:05.722Z
1.62266,1.62266,,20245348,2024-10-10T23:01:06.069Z
2.34553,2.34553,,19170613,2024-10-11T23:01:10.508Z
2.45312,2.45312,,19023510,2024-10-12T23:01:06.016Z
2.72644,2.72644,,18620777,2024-10-13T23:00:59.025Z
4.15777,4.15777,,16713014,2024-10-14T23:01:06.251Z
4.07366,4.07366,,16731462,2024-10-15T23:02:00.029Z
4.08416,4.08416,,16731690,2024-10-16T23:02:01.068Z
4.37014,4.37014,,16340517,2024-10-17T23:01:53.474Z
4.40149,4.40149,,16307658,2024-10-18T23:02:03.582Z
4.41073,4.41073,,16305276,2024-10-19T23:02:04.949Z
4.48397,4.48397,,16204820,2024-10-20T23:01:54.375Z
4.49625,4.49625,,16214175,2024-10-21T23:01:28.184Z
4.52616,4.52616,,16170426,2024-10-22T23:01:54.202Z
2.65353,2.65353,,17486657,2024-10-23T23:01:53.308Z
5.24753,5.24753,,13394043,2024-10-24T23:01:56.555Z
4.06527,4.06527,,15269144,2024-10-25T23:02:03.447Z
4.28229,4.28229,,14928334,2024-10-26T23:01:53.056Z
3.68709,3.68709,,15855690,2024-10-27T23:01:53.575Z
4.15936,4.15936,,15039638,2024-10-28T23:02:13.247Z
1.41432,1.41432,,19157823,2024-10-29T23:02:18.801Z
1.43843,1.43843,,19149445,2024-10-30T23:01:56.052Z
1.40509,1.40509,,19469678,2024-10-31T23:02:03.231Z
1.5732,1.5732,,19114922,2024-11-01T23:01:56.337Z
1.60213,1.60213,,19054824,2024-11-02T23:01:54.874Z
1.62556,1.62556,,19011507,2024-11-03T23:01:53.115Z
2.09289,2.09289,,18103117,2024-11-04T23:02:01.711Z
2.36271,2.36271,,17568866,2024-11-05T23:01:57.951Z
15.80363,15.80363,,19305,2024-11-06T23:00:58.663Z
14.78415,14.78415,,959774,2024-11-07T23:00:56.504Z
11.1249,11.1249,,4734859,2024-11-08T23:00:56.949Z
7.65728,7.65728,,8894215,2024-11-09T23:00:56.734Z
6.43087,6.43087,,10399507,2024-11-10T23:01:00.619Z
10.93923,10.93923,,4836282,2024-11-11T23:02:01.639Z
10.2844,10.2844,,5534468,2024-11-12T23:00:56.871Z
10.18157,10.18157,,5624077,2024-11-13T23:01:26.794Z
11.52806,11.52806,,4089873,2024-11-14T23:01:06.239Z
11.48493,11.48493,,4114606,2024-11-15T23:01:11.557Z
10.74563,10.74563,,4914063,2024-11-16T23:02:06.051Z
6.59558,6.59558,,9911051,2024-11-17T23:01:01.722Z
8.56395,8.56395,,7297591,2024-11-18T23:00:59.416Z
7.34581,7.34581,,8878430,2024-11-19T23:01:04.308Z
6.79534,6.79534,,9593539,2024-11-20T23:01:03.288Z
3.16534,3.16534,,13900614,2024-11-21T23:00:58.314Z
6.59266,6.59266,,9153315,2024-11-22T23:00:54.680Z
4.15142,4.15142,,11608348,2024-11-23T23:00:54.756Z
5.36415,5.36415,,10053584,2024-11-24T23:00:57.491Z
0.57705,0.57705,,19861986,2024-11-25T23:01:02.408Z
0.62969,0.62969,,17625633,2024-11-26T23:00:56.113Z
0.95075,0.95075,,15353125,2024-11-27T23:00:56.029Z
4.27083,4.27083,,10537447,2024-11-28T23:01:00.382Z
3.70438,3.70438,,11127094,2024-11-29T23:01:20.304Z
3.64892,3.64892,,11207052,2024-11-30T23:00:56.179Z
5.14273,5.14273,,9531361,2024-12-01T23:00:56.986Z
3.27671,3.27671,,11565719,2024-12-02T23:00:56.335Z
7.11134,7.11134,,7467427,2024-12-03T23:01:03.232Z
5.91774,5.91774,,8470414,2024-12-04T23:01:01.721Z
5.50821,5.50821,,8868249,2024-12-05T23:00:58.755Z
4.97979,4.97979,,9328851,2024-12-06T23:00:55.078Z
4.97358,4.97358,,9316513,2024-12-07T23:00:56.140Z
3.59032,3.59032,,10737514,2024-12-08T23:00:57.210Z
1.50168,1.50168,,13463466,2024-12-09T23:00:54.309Z
1.43197,1.43197,,13339257,2024-12-10T23:01:23.633Z
2.68549,2.68549,,11667855,2024-12-11T23:00:57.686Z
3.21319,3.21319,,11023454,2024-12-12T23:01:03.727Z
4.5962,4.5962,,9390233,2024-12-13T23:02:37.012Z
4.16462,4.16462,,9849364,2024-12-14T23:00:55.307Z
3.71029,3.71029,,10362221,2024-12-15T23:00:55.471Z
4.12566,4.12566,,10818762,2024-12-16T23:01:01.425Z
3.85582,3.85582,,11102760,2024-12-17T23:03:19.729Z
2.76999,2.76999,,12446298,2024-12-18T23:03:07.614Z
1.44944,1.44944,,15460638,2024-12-19T23:01:57.650Z
4.18381,4.18381,,10995258,2024-12-20T23:01:53.430Z
4.27709,4.27709,,10893495,2024-12-21T23:01:58.293Z
4.11257,4.11257,,11100865,2024-12-22T23:01:59.313Z
3.81952,3.81952,,11544540,2024-12-23T23:01:57.599Z
4.66824,4.66824,,10600910,2024-12-24T23:02:04.456Z
4.68293,4.68293,,10582087,2024-12-25T23:02:08.468Z
6.1179,6.1179,,9178921,2024-12-26T23:01:54.358Z
6.77861,6.77861,,8543698,2024-12-27T23:00:55.620Z
6.51814,6.51814,,8820356,2024-12-28T23:01:01.501Z
6.56351,6.56351,,8764612,2024-12-29T23:01:21.212Z
6.55762,6.55762,,8792193,2024-12-30T23:01:57.231Z
5.51925,5.51925,,9960092,2024-12-31T23:01:54.985Z
5.37845,5.37845,,10148510,2025-01-01T14:01:52.764Z